{
  "battle_won_mean": [
    0.0,
    0.0,
    0.0,
    0.0,
    0.0,
    0.004739336492890996,
    0.010416666666666666,
    0.08620689655172414
  ],
  "battle_won_mean_T": [
    60,
    10104,
    20149,
    30179,
    40187,
    50199,
    60201,
    70217
  ],
  "dead_allies_mean": [
    8.0,
    8.0,
    7.994594594594594,
    7.9950248756218905,
    8.0,
    7.990521327014218,
    7.916666666666667,
    7.804597701149425
  ],
  "dead_allies_mean_T": [
    60,
    10104,
    20149,
    30179,
    40187,
    50199,
    60201,
    70217
  ],
  "dead_enemies_mean": [
    0.0,
    0.08900523560209424,
    0.32972972972972975,
    1.308457711442786,
    2.391304347826087,
    2.7393364928909953,
    3.7708333333333335,
    4.591954022988506
  ],
  "dead_enemies_mean_T": [
    60,
    10104,
    20149,
    30179,
    40187,
    50199,
    60201,
    70217
  ],
  "ep_length_mean": [
    60.0,
    52.58638743455497,
    54.2972972972973,
    49.90049751243781,
    48.34782608695652,
    47.45023696682465,
    52.09375,
    57.5632183908046
  ],
  "ep_length_mean_T": [
    60,
    10104,
    20149,
    30179,
    40187,
    50199,
    60201,
    70217
  ],
  "episode": [
    992
  ],
  "episode_T": [
    50018
  ],
  "epsilon": [
    1.0,
    0.8089740000000001,
    0.6180810000000001,
    0.4274730000000001,
    0.23739700000000008,
    0.05,
    0.05,
    0.05
  ],
  "epsilon_T": [
    60,
    10104,
    20149,
    30179,
    40187,
    50199,
    60201,
    70217
  ],
  "grad_norm": [
    8.131168365478516,
    1.044615626335144,
    1.9090769290924072,
    2.144196033477783,
    5.804465293884277,
    15.17068862915039,
    13.444677352905273,
    15.501726150512695
  ],
  "grad_norm_T": [
    1668,
    11681,
    21698,
    31732,
    41749,
    51789,
    61810,
    71878
  ],
  "loss": [
    1.7247594594955444,
    0.7688759565353394,
    0.9357836246490479,
    0.6890508532524109,
    0.7691788077354431,
    0.8355976343154907,
    0.721511960029602,
    0.8628372550010681
  ],
  "loss_T": [
    1668,
    11681,
    21698,
    31732,
    41749,
    51789,
    61810,
    71878
  ],
  "q_taken_mean": [
    -0.001459811231215223,
    0.04937900357345971,
    0.19510717860063387,
    0.3672026341548461,
    0.6231129836075252,
    0.7551957350510817,
    0.9018281372838051,
    1.0245140881737562
  ],
  "q_taken_mean_T": [
    1668,
    11681,
    21698,
    31732,
    41749,
    51789,
    61810,
    71878
  ],
  "return_mean": [
    {
      "dtype": "float64",
      "py/object": "numpy.float64",
      "value": 3.5364238410596043
    },
    {
      "dtype": "float64",
      "py/object": "numpy.float64",
      "value": 4.704699906383274
    },
    {
      "dtype": "float64",
      "py/object": "numpy.float64",
      "value": 5.512439591909789
    },
    {
      "dtype": "float64",
      "py/object": "numpy.float64",
      "value": 7.18100721557774
    },
    {
      "dtype": "float64",
      "py/object": "numpy.float64",
      "value": 8.686518219918737
    },
    {
      "dtype": "float64",
      "py/object": "numpy.float64",
      "value": 8.93209566554722
    },
    {
      "dtype": "float64",
      "py/object": "numpy.float64",
      "value": 10.634209437086094
    },
    {
      "dtype": "float64",
      "py/object": "numpy.float64",
      "value": 12.493006394153918
    }
  ],
  "return_mean_T": [
    60,
    10104,
    20149,
    30179,
    40187,
    50199,
    60201,
    70217
  ],
  "return_std": [
    {
      "dtype": "float64",
      "py/object": "numpy.float64",
      "value": 0.0
    },
    {
      "dtype": "float64",
      "py/object": "numpy.float64",
      "value": 0.7864600010419092
    },
    {
      "dtype": "float64",
      "py/object": "numpy.float64",
      "value": 0.9753555107549422
    },
    {
      "dtype": "float64",
      "py/object": "numpy.float64",
      "value": 1.3829927362582923
    },
    {
      "dtype": "float64",
      "py/object": "numpy.float64",
      "value": 1.1185906790035043
    },
    {
      "dtype": "float64",
      "py/object": "numpy.float64",
      "value": 1.7999370888059942
    },
    {
      "dtype": "float64",
      "py/object": "numpy.float64",
      "value": 2.0594302471402735
    },
    {
      "dtype": "float64",
      "py/object": "numpy.float64",
      "value": 2.988876389617777
    }
  ],
  "return_std_T": [
    60,
    10104,
    20149,
    30179,
    40187,
    50199,
    60201,
    70217
  ],
  "target_mean": [
    0.07435180243256567,
    0.04557393598445884,
    0.19781174707666507,
    0.36439430477182394,
    0.613908858983883,
    0.7777015099158654,
    0.8824696282920598,
    1.005356097397113
  ],
  "target_mean_T": [
    1668,
    11681,
    21698,
    31732,
    41749,
    51789,
    61810,
    71878
  ],
  "td_error_abs": [
    0.8796323048982689,
    0.657200859760187,
    0.6981812606261089,
    0.6202236607305645,
    0.6781081961144128,
    0.7059035863631811,
    0.6605401956810142,
    0.7129254165386978
  ],
  "td_error_abs_T": [
    1668,
    11681,
    21698,
    31732,
    41749,
    51789,
    61810,
    71878
  ],
  "test_battle_won_mean": [
    0.0,
    0.02
  ],
  "test_battle_won_mean_T": [
    60,
    50065
  ],
  "test_dead_allies_mean": [
    8.0,
    7.95
  ],
  "test_dead_allies_mean_T": [
    60,
    50065
  ],
  "test_dead_enemies_mean": [
    0.0,
    2.79
  ],
  "test_dead_enemies_mean_T": [
    60,
    50065
  ],
  "test_ep_length_mean": [
    44.37,
    47.45
  ],
  "test_ep_length_mean_T": [
    60,
    50065
  ],
  "test_return_mean": [
    {
      "dtype": "float64",
      "py/object": "numpy.float64",
      "value": 0.1927152317880795
    },
    {
      "dtype": "float64",
      "py/object": "numpy.float64",
      "value": 9.409586092715232
    }
  ],
  "test_return_mean_T": [
    60,
    50065
  ],
  "test_return_std": [
    {
      "dtype": "float64",
      "py/object": "numpy.float64",
      "value": 0.39549400512744864
    },
    {
      "dtype": "float64",
      "py/object": "numpy.float64",
      "value": 2.4163648802753004
    }
  ],
  "test_return_std_T": [
    60,
    50065
  ]
}