{
  "battle_won_mean": [
    0.0,
    0.0,
    0.0,
    0.0,
    0.0,
    0.0,
    0.020202020202020204
  ],
  "battle_won_mean_T": [
    51,
    10056,
    20069,
    30096,
    40100,
    50102,
    60130
  ],
  "dead_allies_mean": [
    8.0,
    8.0,
    7.994764397905759,
    7.994949494949495,
    8.0,
    7.98989898989899,
    7.944444444444445
  ],
  "dead_allies_mean_T": [
    51,
    10056,
    20069,
    30096,
    40100,
    50102,
    60130
  ],
  "dead_enemies_mean": [
    0.0,
    0.06451612903225806,
    0.25654450261780104,
    0.8838383838383839,
    1.9854368932038835,
    3.0303030303030303,
    3.227272727272727
  ],
  "dead_enemies_mean_T": [
    51,
    10056,
    20069,
    30096,
    40100,
    50102,
    60130
  ],
  "ep_length_mean": [
    51.0,
    53.79032258064516,
    52.424083769633505,
    50.64141414141414,
    48.56310679611651,
    50.515151515151516,
    50.64646464646464
  ],
  "ep_length_mean_T": [
    51,
    10056,
    20069,
    30096,
    40100,
    50102,
    60130
  ],
  "episode": [
    979
  ],
  "episode_T": [
    50043
  ],
  "epsilon": [
    1.0,
    0.8104370000000001,
    0.619639,
    0.4291450000000001,
    0.23895500000000014,
    0.05,
    0.05
  ],
  "epsilon_T": [
    51,
    10056,
    20069,
    30096,
    40100,
    50102,
    60130
  ],
  "grad_norm": [
    7.959949493408203,
    2.3042244911193848,
    5.241344928741455,
    5.542492866516113,
    9.341835021972656,
    5.026905059814453
  ],
  "grad_norm_T": [
    1656,
    11667,
    21712,
    31769,
    41797,
    51847
  ],
  "loss": [
    1.8054858446121216,
    0.7434854507446289,
    0.9373878836631775,
    0.7673426270484924,
    0.7860485315322876,
    0.8144832253456116
  ],
  "loss_T": [
    1656,
    11667,
    21712,
    31769,
    41797,
    51847
  ],
  "q_taken_mean": [
    -0.00041137318968197,
    0.060923370769174895,
    0.23565195819376727,
    0.3749278252113593,
    0.5657571510032371,
    0.7645570527522936
  ],
  "q_taken_mean_T": [
    1656,
    11667,
    21712,
    31769,
    41797,
    51847
  ],
  "return_mean": [
    {
      "dtype": "float64",
      "py/object": "numpy.float64",
      "value": 4.842715231788076
    },
    {
      "dtype": "float64",
      "py/object": "numpy.float64",
      "value": 4.772137363811151
    },
    {
      "dtype": "float64",
      "py/object": "numpy.float64",
      "value": 5.357988627301411
    },
    {
      "dtype": "float64",
      "py/object": "numpy.float64",
      "value": 6.573867817245299
    },
    {
      "dtype": "float64",
      "py/object": "numpy.float64",
      "value": 8.206929531280139
    },
    {
      "dtype": "float64",
      "py/object": "numpy.float64",
      "value": 9.716377349655495
    },
    {
      "dtype": "float64",
      "py/object": "numpy.float64",
      "value": 10.071217138270116
    }
  ],
  "return_mean_T": [
    51,
    10056,
    20069,
    30096,
    40100,
    50102,
    60130
  ],
  "return_std": [
    {
      "dtype": "float64",
      "py/object": "numpy.float64",
      "value": 0.0
    },
    {
      "dtype": "float64",
      "py/object": "numpy.float64",
      "value": 0.8673670164394485
    },
    {
      "dtype": "float64",
      "py/object": "numpy.float64",
      "value": 1.0851706210920644
    },
    {
      "dtype": "float64",
      "py/object": "numpy.float64",
      "value": 1.2122439613908271
    },
    {
      "dtype": "float64",
      "py/object": "numpy.float64",
      "value": 1.3904335674991295
    },
    {
      "dtype": "float64",
      "py/object": "numpy.float64",
      "value": 1.6713656699510424
    },
    {
      "dtype": "float64",
      "py/object": "numpy.float64",
      "value": 2.2453858173364756
    }
  ],
  "return_std_T": [
    51,
    10056,
    20069,
    30096,
    40100,
    50102,
    60130
  ],
  "target_mean": [
    0.08085798180621603,
    0.05347561877803149,
    0.22149870026609528,
    0.3877222840215119,
    0.5780843098958334,
    0.7694363561974389
  ],
  "target_mean_T": [
    1656,
    11667,
    21712,
    31769,
    41797,
    51847
  ],
  "td_error_abs": [
    0.8575415864658816,
    0.647779909141669,
    0.7228488781528333,
    0.6488861657084434,
    0.6635643287941262,
    0.6940829869074924
  ],
  "td_error_abs_T": [
    1656,
    11667,
    21712,
    31769,
    41797,
    51847
  ],
  "test_battle_won_mean": [
    0.0,
    0.01
  ],
  "test_battle_won_mean_T": [
    51,
    50102
  ],
  "test_dead_allies_mean": [
    4.49,
    7.9
  ],
  "test_dead_allies_mean_T": [
    51,
    50102
  ],
  "test_dead_enemies_mean": [
    1.74,
    3.52
  ],
  "test_dead_enemies_mean_T": [
    51,
    50102
  ],
  "test_ep_length_mean": [
    125.58,
    51.93
  ],
  "test_ep_length_mean_T": [
    51,
    50102
  ],
  "test_return_mean": [
    {
      "dtype": "float64",
      "py/object": "numpy.float64",
      "value": 4.407996688741721
    },
    {
      "dtype": "float64",
      "py/object": "numpy.float64",
      "value": 10.673841059602651
    }
  ],
  "test_return_mean_T": [
    51,
    50102
  ],
  "test_return_std": [
    {
      "dtype": "float64",
      "py/object": "numpy.float64",
      "value": 4.032004635649877
    },
    {
      "dtype": "float64",
      "py/object": "numpy.float64",
      "value": 2.011885664827024
    }
  ],
  "test_return_std_T": [
    51,
    50102
  ]
}